<?xml version="1.0" encoding="UTF-8"?>
<!DOCTYPE generatorConfiguration
  PUBLIC "-//mybatis.org//DTD MyBatis Generator Configuration 1.0//EN"
  "http://mybatis.org/dtd/mybatis-generator-config_1_0.dtd">

<generatorConfiguration>


	<context id="DB2Tables" targetRuntime="MyBatis3">
		<!-- pojo类不生成注释 -->
		<commentGenerator>
		  <property name="suppressAllComments" value="true" />
		</commentGenerator>
		<!-- 配置数据库连接信息 -->
		<jdbcConnection driverClass="com.mysql.jdbc.Driver"
			connectionURL="jdbc:mysql://localhost:3306/ssm?useSSL=false;characterEncoding=gbk" userId="root"
			password="123456">
		</jdbcConnection>

		<javaTypeResolver>
			<property name="forceBigDecimals" value="false" />
		</javaTypeResolver>
		<!-- 指定javabean生成 -->
		<javaModelGenerator targetPackage="cn.hp.bean"
			targetProject=".\src\main\java">
			<property name="enableSubPackages" value="true" />
			<property name="trimStrings" value="true" />
		</javaModelGenerator>
		<!-- 指定sql映射文件生成 -->
		<sqlMapGenerator targetPackage="mapper"
			targetProject=".\src\main\resources">
			<property name="enableSubPackages" value="true" />
		</sqlMapGenerator>

		<!-- 指dao接口生成 -->
		<javaClientGenerator type="XMLMAPPER"
			targetPackage="cn.hp.dao"
		    targetProject=".\src\main\java">
			<property name="enableSubPackages" value="true" />
		</javaClientGenerator>
		
		<!-- 指定表的生成策略 -->
		<table tableName="administrators" domainObjectName="administrators"></table>
		<table tableName="affair" domainObjectName="affair"></table>
		<table tableName="department" domainObjectName="department"></table>
		<table tableName="position" domainObjectName="position"></table>
		<table tableName="staff" domainObjectName="staff"></table>

	</context>
</generatorConfiguration>