<?xml version="1.0" encoding="UTF-8"?>
<beans xmlns="http://www.springframework.org/schema/beans"
	   xmlns:aop="http://www.springframework.org/schema/aop"
	   xmlns:xsi="http://www.w3.org/2001/XMLSchema-instance"
	   xsi:schemaLocation="
	    http://www.springframework.org/schema/beans
        https://www.springframework.org/schema/beans/spring-beans.xsd
        http://www.springframework.org/schema/aop
        https://www.springframework.org/schema/aop/spring-aop.xsd
">

	<bean id="aopBean" class="com.lagou.edu.aop.AopBean">
	</bean>
	<!--aop配置-->
	<!--横切逻辑-->
	<bean id="logUtils" class="com.lagou.edu.aop.LogUtils">
	</bean>
	<!---->
	<aop:config>
		<aop:aspect ref="logUtils">
			<aop:before method="beforeMethod" pointcut="execution(public void com.lagou.edu.aop.AopBean.testAop())"/>
		</aop:aspect>
	</aop:config>


</beans>