<?xml version="1.0" encoding="UTF-8"?>
<!DOCTYPE mapper PUBLIC "-//mybatis.org//DTD Mapper 3.0//EN" "http://mybatis.org/dtd/mybatis-3-mapper.dtd">
<mapper namespace="cn.hp.dao.administratorsMapper">
  <resultMap id="BaseResultMap" type="cn.hp.bean.administrators">
    <id column="A_id" jdbcType="INTEGER" property="aId" />
    <result column="A_username" jdbcType="VARCHAR" property="aUsername" />
    <result column="A_password" jdbcType="VARCHAR" property="aPassword" />
    <result column="A_Permissions" jdbcType="INTEGER" property="aPermissions" />
  </resultMap>
  <sql id="Example_Where_Clause">
    <where>
      <foreach collection="oredCriteria" item="criteria" separator="or">
        <if test="criteria.valid">
          <trim prefix="(" prefixOverrides="and" suffix=")">
            <foreach collection="criteria.criteria" item="criterion">
              <choose>
                <when test="criterion.noValue">
                  and ${criterion.condition}
                </when>
                <when test="criterion.singleValue">
                  and ${criterion.condition} #{criterion.value}
                </when>
                <when test="criterion.betweenValue">
                  and ${criterion.condition} #{criterion.value} and #{criterion.secondValue}
                </when>
                <when test="criterion.listValue">
                  and ${criterion.condition}
                  <foreach close=")" collection="criterion.value" item="listItem" open="(" separator=",">
                    #{listItem}
                  </foreach>
                </when>
              </choose>
            </foreach>
          </trim>
        </if>
      </foreach>
    </where>
  </sql>
  <sql id="Update_By_Example_Where_Clause">
    <where>
      <foreach collection="example.oredCriteria" item="criteria" separator="or">
        <if test="criteria.valid">
          <trim prefix="(" prefixOverrides="and" suffix=")">
            <foreach collection="criteria.criteria" item="criterion">
              <choose>
                <when test="criterion.noValue">
                  and ${criterion.condition}
                </when>
                <when test="criterion.singleValue">
                  and ${criterion.condition} #{criterion.value}
                </when>
                <when test="criterion.betweenValue">
                  and ${criterion.condition} #{criterion.value} and #{criterion.secondValue}
                </when>
                <when test="criterion.listValue">
                  and ${criterion.condition}
                  <foreach close=")" collection="criterion.value" item="listItem" open="(" separator=",">
                    #{listItem}
                  </foreach>
                </when>
              </choose>
            </foreach>
          </trim>
        </if>
      </foreach>
    </where>
  </sql>
  <sql id="Base_Column_List">
    A_id, A_username, A_password, A_Permissions
  </sql>
  <select id="selectByExample" parameterType="cn.hp.bean.administratorsExample" resultMap="BaseResultMap">
    select
    <if test="distinct">
      distinct
    </if>
    <include refid="Base_Column_List" />
    from administrators
    <if test="_parameter != null">
      <include refid="Example_Where_Clause" />
    </if>
    <if test="orderByClause != null">
      order by ${orderByClause}
    </if>
  </select>
  <select id="selectByPrimaryKey" parameterType="java.lang.Integer" resultMap="BaseResultMap">
    select 
    <include refid="Base_Column_List" />
    from administrators
    where A_id = #{aId,jdbcType=INTEGER}
  </select>
  <delete id="deleteByPrimaryKey" parameterType="java.lang.Integer">
    delete from administrators
    where A_id = #{aId,jdbcType=INTEGER}
  </delete>
  <delete id="deleteByExample" parameterType="cn.hp.bean.administratorsExample">
    delete from administrators
    <if test="_parameter != null">
      <include refid="Example_Where_Clause" />
    </if>
  </delete>
  <insert id="insert" parameterType="cn.hp.bean.administrators">
    insert into administrators (A_id, A_username, A_password, 
      A_Permissions)
    values (#{aId,jdbcType=INTEGER}, #{aUsername,jdbcType=VARCHAR}, #{aPassword,jdbcType=VARCHAR}, 
      #{aPermissions,jdbcType=INTEGER})
  </insert>
  <insert id="insertSelective" parameterType="cn.hp.bean.administrators">
    insert into administrators
    <trim prefix="(" suffix=")" suffixOverrides=",">
      <if test="aId != null">
        A_id,
      </if>
      <if test="aUsername != null">
        A_username,
      </if>
      <if test="aPassword != null">
        A_password,
      </if>
      <if test="aPermissions != null">
        A_Permissions,
      </if>
    </trim>
    <trim prefix="values (" suffix=")" suffixOverrides=",">
      <if test="aId != null">
        #{aId,jdbcType=INTEGER},
      </if>
      <if test="aUsername != null">
        #{aUsername,jdbcType=VARCHAR},
      </if>
      <if test="aPassword != null">
        #{aPassword,jdbcType=VARCHAR},
      </if>
      <if test="aPermissions != null">
        #{aPermissions,jdbcType=INTEGER},
      </if>
    </trim>
  </insert>
  <select id="countByExample" parameterType="cn.hp.bean.administratorsExample" resultType="java.lang.Long">
    select count(*) from administrators
    <if test="_parameter != null">
      <include refid="Example_Where_Clause" />
    </if>
  </select>
  <update id="updateByExampleSelective" parameterType="map">
    update administrators
    <set>
      <if test="record.aId != null">
        A_id = #{record.aId,jdbcType=INTEGER},
      </if>
      <if test="record.aUsername != null">
        A_username = #{record.aUsername,jdbcType=VARCHAR},
      </if>
      <if test="record.aPassword != null">
        A_password = #{record.aPassword,jdbcType=VARCHAR},
      </if>
      <if test="record.aPermissions != null">
        A_Permissions = #{record.aPermissions,jdbcType=INTEGER},
      </if>
    </set>
    <if test="_parameter != null">
      <include refid="Update_By_Example_Where_Clause" />
    </if>
  </update>
  <update id="updateByExample" parameterType="map">
    update administrators
    set A_id = #{record.aId,jdbcType=INTEGER},
      A_username = #{record.aUsername,jdbcType=VARCHAR},
      A_password = #{record.aPassword,jdbcType=VARCHAR},
      A_Permissions = #{record.aPermissions,jdbcType=INTEGER}
    <if test="_parameter != null">
      <include refid="Update_By_Example_Where_Clause" />
    </if>
  </update>
  <update id="updateByPrimaryKeySelective" parameterType="cn.hp.bean.administrators">
    update administrators
    <set>
      <if test="aUsername != null">
        A_username = #{aUsername,jdbcType=VARCHAR},
      </if>
      <if test="aPassword != null">
        A_password = #{aPassword,jdbcType=VARCHAR},
      </if>
      <if test="aPermissions != null">
        A_Permissions = #{aPermissions,jdbcType=INTEGER},
      </if>
    </set>
    where A_id = #{aId,jdbcType=INTEGER}
  </update>
  <update id="updateByPrimaryKey" parameterType="cn.hp.bean.administrators">
    update administrators
    set A_username = #{aUsername,jdbcType=VARCHAR},
      A_password = #{aPassword,jdbcType=VARCHAR},
      A_Permissions = #{aPermissions,jdbcType=INTEGER}
    where A_id = #{aId,jdbcType=INTEGER}
  </update>
</mapper>