<?xml version="1.0" encoding="UTF-8"?>
<!DOCTYPE mapper PUBLIC "-//mybatis.org//DTD Mapper 3.0//EN" "http://mybatis.org/dtd/mybatis-3-mapper.dtd">
<mapper namespace="cn.hp.dao.affairMapper">
  <resultMap id="BaseResultMap" type="cn.hp.bean.affair">
    <id column="AF_id" jdbcType="INTEGER" property="afId" />
    <result column="AF_name" jdbcType="VARCHAR" property="afName" />
    <result column="AF_content" jdbcType="VARCHAR" property="afContent" />
  </resultMap>
  <sql id="Example_Where_Clause">
    <where>
      <foreach collection="oredCriteria" item="criteria" separator="or">
        <if test="criteria.valid">
          <trim prefix="(" prefixOverrides="and" suffix=")">
            <foreach collection="criteria.criteria" item="criterion">
              <choose>
                <when test="criterion.noValue">
                  and ${criterion.condition}
                </when>
                <when test="criterion.singleValue">
                  and ${criterion.condition} #{criterion.value}
                </when>
                <when test="criterion.betweenValue">
                  and ${criterion.condition} #{criterion.value} and #{criterion.secondValue}
                </when>
                <when test="criterion.listValue">
                  and ${criterion.condition}
                  <foreach close=")" collection="criterion.value" item="listItem" open="(" separator=",">
                    #{listItem}
                  </foreach>
                </when>
              </choose>
            </foreach>
          </trim>
        </if>
      </foreach>
    </where>
  </sql>
  <sql id="Update_By_Example_Where_Clause">
    <where>
      <foreach collection="example.oredCriteria" item="criteria" separator="or">
        <if test="criteria.valid">
          <trim prefix="(" prefixOverrides="and" suffix=")">
            <foreach collection="criteria.criteria" item="criterion">
              <choose>
                <when test="criterion.noValue">
                  and ${criterion.condition}
                </when>
                <when test="criterion.singleValue">
                  and ${criterion.condition} #{criterion.value}
                </when>
                <when test="criterion.betweenValue">
                  and ${criterion.condition} #{criterion.value} and #{criterion.secondValue}
                </when>
                <when test="criterion.listValue">
                  and ${criterion.condition}
                  <foreach close=")" collection="criterion.value" item="listItem" open="(" separator=",">
                    #{listItem}
                  </foreach>
                </when>
              </choose>
            </foreach>
          </trim>
        </if>
      </foreach>
    </where>
  </sql>
  <sql id="Base_Column_List">
    AF_id, AF_name, AF_content
  </sql>
  <select id="selectByExample" parameterType="cn.hp.bean.affairExample" resultMap="BaseResultMap">
    select
    <if test="distinct">
      distinct
    </if>
    <include refid="Base_Column_List" />
    from affair
    <if test="_parameter != null">
      <include refid="Example_Where_Clause" />
    </if>
    <if test="orderByClause != null">
      order by ${orderByClause}
    </if>
  </select>
  <select id="selectByPrimaryKey" parameterType="java.lang.Integer" resultMap="BaseResultMap">
    select 
    <include refid="Base_Column_List" />
    from affair
    where AF_id = #{afId,jdbcType=INTEGER}
  </select>
  <delete id="deleteByPrimaryKey" parameterType="java.lang.Integer">
    delete from affair
    where AF_id = #{afId,jdbcType=INTEGER}
  </delete>
  <delete id="deleteByExample" parameterType="cn.hp.bean.affairExample">
    delete from affair
    <if test="_parameter != null">
      <include refid="Example_Where_Clause" />
    </if>
  </delete>
  <insert id="insert" parameterType="cn.hp.bean.affair">
    insert into affair (AF_id, AF_name, AF_content
      )
    values (#{afId,jdbcType=INTEGER}, #{afName,jdbcType=VARCHAR}, #{afContent,jdbcType=VARCHAR}
      )
  </insert>
  <insert id="insertSelective" parameterType="cn.hp.bean.affair">
    insert into affair
    <trim prefix="(" suffix=")" suffixOverrides=",">
      <if test="afId != null">
        AF_id,
      </if>
      <if test="afName != null">
        AF_name,
      </if>
      <if test="afContent != null">
        AF_content,
      </if>
    </trim>
    <trim prefix="values (" suffix=")" suffixOverrides=",">
      <if test="afId != null">
        #{afId,jdbcType=INTEGER},
      </if>
      <if test="afName != null">
        #{afName,jdbcType=VARCHAR},
      </if>
      <if test="afContent != null">
        #{afContent,jdbcType=VARCHAR},
      </if>
    </trim>
  </insert>
  <select id="countByExample" parameterType="cn.hp.bean.affairExample" resultType="java.lang.Long">
    select count(*) from affair
    <if test="_parameter != null">
      <include refid="Example_Where_Clause" />
    </if>
  </select>
  <update id="updateByExampleSelective" parameterType="map">
    update affair
    <set>
      <if test="record.afId != null">
        AF_id = #{record.afId,jdbcType=INTEGER},
      </if>
      <if test="record.afName != null">
        AF_name = #{record.afName,jdbcType=VARCHAR},
      </if>
      <if test="record.afContent != null">
        AF_content = #{record.afContent,jdbcType=VARCHAR},
      </if>
    </set>
    <if test="_parameter != null">
      <include refid="Update_By_Example_Where_Clause" />
    </if>
  </update>
  <update id="updateByExample" parameterType="map">
    update affair
    set AF_id = #{record.afId,jdbcType=INTEGER},
      AF_name = #{record.afName,jdbcType=VARCHAR},
      AF_content = #{record.afContent,jdbcType=VARCHAR}
    <if test="_parameter != null">
      <include refid="Update_By_Example_Where_Clause" />
    </if>
  </update>
  <update id="updateByPrimaryKeySelective" parameterType="cn.hp.bean.affair">
    update affair
    <set>
      <if test="afName != null">
        AF_name = #{afName,jdbcType=VARCHAR},
      </if>
      <if test="afContent != null">
        AF_content = #{afContent,jdbcType=VARCHAR},
      </if>
    </set>
    where AF_id = #{afId,jdbcType=INTEGER}
  </update>
  <update id="updateByPrimaryKey" parameterType="cn.hp.bean.affair">
    update affair
    set AF_name = #{afName,jdbcType=VARCHAR},
      AF_content = #{afContent,jdbcType=VARCHAR}
    where AF_id = #{afId,jdbcType=INTEGER}
  </update>
</mapper>