<?xml version="1.0" encoding="UTF-8"?>
<!DOCTYPE mapper PUBLIC "-//mybatis.org//DTD Mapper 3.0//EN" "http://mybatis.org/dtd/mybatis-3-mapper.dtd">
<mapper namespace="cn.hp.dao.departmentMapper">
  <resultMap id="BaseResultMap" type="cn.hp.bean.department">
    <id column="D_id" jdbcType="INTEGER" property="dId" />
    <result column="D_name" jdbcType="VARCHAR" property="dName" />
  </resultMap>
  <sql id="Example_Where_Clause">
    <where>
      <foreach collection="oredCriteria" item="criteria" separator="or">
        <if test="criteria.valid">
          <trim prefix="(" prefixOverrides="and" suffix=")">
            <foreach collection="criteria.criteria" item="criterion">
              <choose>
                <when test="criterion.noValue">
                  and ${criterion.condition}
                </when>
                <when test="criterion.singleValue">
                  and ${criterion.condition} #{criterion.value}
                </when>
                <when test="criterion.betweenValue">
                  and ${criterion.condition} #{criterion.value} and #{criterion.secondValue}
                </when>
                <when test="criterion.listValue">
                  and ${criterion.condition}
                  <foreach close=")" collection="criterion.value" item="listItem" open="(" separator=",">
                    #{listItem}
                  </foreach>
                </when>
              </choose>
            </foreach>
          </trim>
        </if>
      </foreach>
    </where>
  </sql>
  <sql id="Update_By_Example_Where_Clause">
    <where>
      <foreach collection="example.oredCriteria" item="criteria" separator="or">
        <if test="criteria.valid">
          <trim prefix="(" prefixOverrides="and" suffix=")">
            <foreach collection="criteria.criteria" item="criterion">
              <choose>
                <when test="criterion.noValue">
                  and ${criterion.condition}
                </when>
                <when test="criterion.singleValue">
                  and ${criterion.condition} #{criterion.value}
                </when>
                <when test="criterion.betweenValue">
                  and ${criterion.condition} #{criterion.value} and #{criterion.secondValue}
                </when>
                <when test="criterion.listValue">
                  and ${criterion.condition}
                  <foreach close=")" collection="criterion.value" item="listItem" open="(" separator=",">
                    #{listItem}
                  </foreach>
                </when>
              </choose>
            </foreach>
          </trim>
        </if>
      </foreach>
    </where>
  </sql>
  <sql id="Base_Column_List">
    D_id, D_name
  </sql>
  <select id="selectByExample" parameterType="cn.hp.bean.departmentExample" resultMap="BaseResultMap">
    select
    <if test="distinct">
      distinct
    </if>
    <include refid="Base_Column_List" />
    from department
    <if test="_parameter != null">
      <include refid="Example_Where_Clause" />
    </if>
    <if test="orderByClause != null">
      order by ${orderByClause}
    </if>
  </select>
  <select id="selectByPrimaryKey" parameterType="java.lang.Integer" resultMap="BaseResultMap">
    select 
    <include refid="Base_Column_List" />
    from department
    where D_id = #{dId,jdbcType=INTEGER}
  </select>
  <delete id="deleteByPrimaryKey" parameterType="java.lang.Integer">
    delete from department
    where D_id = #{dId,jdbcType=INTEGER}
  </delete>
  <delete id="deleteByExample" parameterType="cn.hp.bean.departmentExample">
    delete from department
    <if test="_parameter != null">
      <include refid="Example_Where_Clause" />
    </if>
  </delete>
  <insert id="insert" parameterType="cn.hp.bean.department">
    insert into department (D_id, D_name)
    values (#{dId,jdbcType=INTEGER}, #{dName,jdbcType=VARCHAR})
  </insert>
  <insert id="insertSelective" parameterType="cn.hp.bean.department">
    insert into department
    <trim prefix="(" suffix=")" suffixOverrides=",">
      <if test="dId != null">
        D_id,
      </if>
      <if test="dName != null">
        D_name,
      </if>
    </trim>
    <trim prefix="values (" suffix=")" suffixOverrides=",">
      <if test="dId != null">
        #{dId,jdbcType=INTEGER},
      </if>
      <if test="dName != null">
        #{dName,jdbcType=VARCHAR},
      </if>
    </trim>
  </insert>
  <select id="countByExample" parameterType="cn.hp.bean.departmentExample" resultType="java.lang.Long">
    select count(*) from department
    <if test="_parameter != null">
      <include refid="Example_Where_Clause" />
    </if>
  </select>
  <update id="updateByExampleSelective" parameterType="map">
    update department
    <set>
      <if test="record.dId != null">
        D_id = #{record.dId,jdbcType=INTEGER},
      </if>
      <if test="record.dName != null">
        D_name = #{record.dName,jdbcType=VARCHAR},
      </if>
    </set>
    <if test="_parameter != null">
      <include refid="Update_By_Example_Where_Clause" />
    </if>
  </update>
  <update id="updateByExample" parameterType="map">
    update department
    set D_id = #{record.dId,jdbcType=INTEGER},
      D_name = #{record.dName,jdbcType=VARCHAR}
    <if test="_parameter != null">
      <include refid="Update_By_Example_Where_Clause" />
    </if>
  </update>
  <update id="updateByPrimaryKeySelective" parameterType="cn.hp.bean.department">
    update department
    <set>
      <if test="dName != null">
        D_name = #{dName,jdbcType=VARCHAR},
      </if>
    </set>
    where D_id = #{dId,jdbcType=INTEGER}
  </update>
  <update id="updateByPrimaryKey" parameterType="cn.hp.bean.department">
    update department
    set D_name = #{dName,jdbcType=VARCHAR}
    where D_id = #{dId,jdbcType=INTEGER}
  </update>
</mapper>