<?xml version="1.0" encoding="UTF-8"?>
<!DOCTYPE mapper PUBLIC "-//mybatis.org//DTD Mapper 3.0//EN" "http://mybatis.org/dtd/mybatis-3-mapper.dtd">
<mapper namespace="cn.hp.dao.positionMapper">
  <resultMap id="BaseResultMap" type="cn.hp.bean.position">
    <id column="P_id" jdbcType="INTEGER" property="pId" />
    <result column="P_name" jdbcType="VARCHAR" property="pName" />
    <result column="D_id" jdbcType="INTEGER" property="dId" />
  </resultMap>
  <sql id="Example_Where_Clause">
    <where>
      <foreach collection="oredCriteria" item="criteria" separator="or">
        <if test="criteria.valid">
          <trim prefix="(" prefixOverrides="and" suffix=")">
            <foreach collection="criteria.criteria" item="criterion">
              <choose>
                <when test="criterion.noValue">
                  and ${criterion.condition}
                </when>
                <when test="criterion.singleValue">
                  and ${criterion.condition} #{criterion.value}
                </when>
                <when test="criterion.betweenValue">
                  and ${criterion.condition} #{criterion.value} and #{criterion.secondValue}
                </when>
                <when test="criterion.listValue">
                  and ${criterion.condition}
                  <foreach close=")" collection="criterion.value" item="listItem" open="(" separator=",">
                    #{listItem}
                  </foreach>
                </when>
              </choose>
            </foreach>
          </trim>
        </if>
      </foreach>
    </where>
  </sql>
  <sql id="Update_By_Example_Where_Clause">
    <where>
      <foreach collection="example.oredCriteria" item="criteria" separator="or">
        <if test="criteria.valid">
          <trim prefix="(" prefixOverrides="and" suffix=")">
            <foreach collection="criteria.criteria" item="criterion">
              <choose>
                <when test="criterion.noValue">
                  and ${criterion.condition}
                </when>
                <when test="criterion.singleValue">
                  and ${criterion.condition} #{criterion.value}
                </when>
                <when test="criterion.betweenValue">
                  and ${criterion.condition} #{criterion.value} and #{criterion.secondValue}
                </when>
                <when test="criterion.listValue">
                  and ${criterion.condition}
                  <foreach close=")" collection="criterion.value" item="listItem" open="(" separator=",">
                    #{listItem}
                  </foreach>
                </when>
              </choose>
            </foreach>
          </trim>
        </if>
      </foreach>
    </where>
  </sql>
  <sql id="Base_Column_List">
    P_id, P_name, D_id
  </sql>
  <select id="selectByExample" parameterType="cn.hp.bean.positionExample" resultMap="BaseResultMap">
    select
    <if test="distinct">
      distinct
    </if>
    <include refid="Base_Column_List" />
    from position
    <if test="_parameter != null">
      <include refid="Example_Where_Clause" />
    </if>
    <if test="orderByClause != null">
      order by ${orderByClause}
    </if>
  </select>
  <select id="selectByPrimaryKey" parameterType="java.lang.Integer" resultMap="BaseResultMap">
    select 
    <include refid="Base_Column_List" />
    from position
    where P_id = #{pId,jdbcType=INTEGER}
  </select>
  <delete id="deleteByPrimaryKey" parameterType="java.lang.Integer">
    delete from position
    where P_id = #{pId,jdbcType=INTEGER}
  </delete>
  <delete id="deleteByExample" parameterType="cn.hp.bean.positionExample">
    delete from position
    <if test="_parameter != null">
      <include refid="Example_Where_Clause" />
    </if>
  </delete>
  <insert id="insert" parameterType="cn.hp.bean.position">
    insert into position (P_id, P_name, D_id
      )
    values (#{pId,jdbcType=INTEGER}, #{pName,jdbcType=VARCHAR}, #{dId,jdbcType=INTEGER}
      )
  </insert>
  <insert id="insertSelective" parameterType="cn.hp.bean.position">
    insert into position
    <trim prefix="(" suffix=")" suffixOverrides=",">
      <if test="pId != null">
        P_id,
      </if>
      <if test="pName != null">
        P_name,
      </if>
      <if test="dId != null">
        D_id,
      </if>
    </trim>
    <trim prefix="values (" suffix=")" suffixOverrides=",">
      <if test="pId != null">
        #{pId,jdbcType=INTEGER},
      </if>
      <if test="pName != null">
        #{pName,jdbcType=VARCHAR},
      </if>
      <if test="dId != null">
        #{dId,jdbcType=INTEGER},
      </if>
    </trim>
  </insert>
  <select id="countByExample" parameterType="cn.hp.bean.positionExample" resultType="java.lang.Long">
    select count(*) from position
    <if test="_parameter != null">
      <include refid="Example_Where_Clause" />
    </if>
  </select>
  <update id="updateByExampleSelective" parameterType="map">
    update position
    <set>
      <if test="record.pId != null">
        P_id = #{record.pId,jdbcType=INTEGER},
      </if>
      <if test="record.pName != null">
        P_name = #{record.pName,jdbcType=VARCHAR},
      </if>
      <if test="record.dId != null">
        D_id = #{record.dId,jdbcType=INTEGER},
      </if>
    </set>
    <if test="_parameter != null">
      <include refid="Update_By_Example_Where_Clause" />
    </if>
  </update>
  <update id="updateByExample" parameterType="map">
    update position
    set P_id = #{record.pId,jdbcType=INTEGER},
      P_name = #{record.pName,jdbcType=VARCHAR},
      D_id = #{record.dId,jdbcType=INTEGER}
    <if test="_parameter != null">
      <include refid="Update_By_Example_Where_Clause" />
    </if>
  </update>
  <update id="updateByPrimaryKeySelective" parameterType="cn.hp.bean.position">
    update position
    <set>
      <if test="pName != null">
        P_name = #{pName,jdbcType=VARCHAR},
      </if>
      <if test="dId != null">
        D_id = #{dId,jdbcType=INTEGER},
      </if>
    </set>
    where P_id = #{pId,jdbcType=INTEGER}
  </update>
  <update id="updateByPrimaryKey" parameterType="cn.hp.bean.position">
    update position
    set P_name = #{pName,jdbcType=VARCHAR},
      D_id = #{dId,jdbcType=INTEGER}
    where P_id = #{pId,jdbcType=INTEGER}
  </update>
</mapper>