<?xml version="1.0" encoding="UTF-8"?>
<!DOCTYPE mapper PUBLIC "-//mybatis.org//DTD Mapper 3.0//EN" "http://mybatis.org/dtd/mybatis-3-mapper.dtd">
<mapper namespace="cn.hp.dao.staffMapper">
	<resultMap id="BaseResultMap" type="cn.hp.bean.staff">
		<id column="S_id" jdbcType="INTEGER" property="sId" />
		<result column="S_name" jdbcType="VARCHAR" property="sName" />
		<result column="S_sex" jdbcType="VARCHAR" property="sSex" />
		<result column="S_rofs" jdbcType="VARCHAR" property="sRofs" />
		<result column="S_address" jdbcType="VARCHAR"
			property="sAddress" />
		<result column="S_Marriage" jdbcType="VARCHAR"
			property="sMarriage" />
		<result column="S_major" jdbcType="VARCHAR" property="sMajor" />
		<result column="S_Native" jdbcType="VARCHAR" property="sNative" />
		<result column="S_Political" jdbcType="VARCHAR"
			property="sPolitical" />
		<result column="S_minority" jdbcType="VARCHAR"
			property="sMinority" />
		<result column="S_phone" jdbcType="VARCHAR" property="sPhone" />
		<result column="D_id" jdbcType="INTEGER" property="dId" />
		<result column="P_id" jdbcType="INTEGER" property="pId" />
		<result column="S_money_wages" jdbcType="DOUBLE"
			property="sMoneyWages" />
		<result column="S_birthday" jdbcType="DATE"
			property="sBirthday" />
		<result column="S_Entrydate" jdbcType="DATE"
			property="sEntrydate" />
		<result column="S_becomedate" jdbcType="DATE"
			property="sBecomedate" />
		<result column="S_employment" jdbcType="VARCHAR"
			property="sEmployment" />
		<result column="S_state" jdbcType="VARCHAR" property="sState" />
	</resultMap>
	<sql id="Example_Where_Clause">
		<where>
			<foreach collection="oredCriteria" item="criteria"
				separator="or">
				<if test="criteria.valid">
					<trim prefix="(" prefixOverrides="and" suffix=")">
						<foreach collection="criteria.criteria" item="criterion">
							<choose>
								<when test="criterion.noValue">
									and ${criterion.condition}
								</when>
								<when test="criterion.singleValue">
									and ${criterion.condition} #{criterion.value}
								</when>
								<when test="criterion.betweenValue">
									and ${criterion.condition} #{criterion.value} and
									#{criterion.secondValue}
								</when>
								<when test="criterion.listValue">
									and ${criterion.condition}
									<foreach close=")" collection="criterion.value"
										item="listItem" open="(" separator=",">
										#{listItem}
									</foreach>
								</when>
							</choose>
						</foreach>
					</trim>
				</if>
			</foreach>
		</where>
	</sql>
	<sql id="Update_By_Example_Where_Clause">
		<where>
			<foreach collection="example.oredCriteria" item="criteria"
				separator="or">
				<if test="criteria.valid">
					<trim prefix="(" prefixOverrides="and" suffix=")">
						<foreach collection="criteria.criteria" item="criterion">
							<choose>
								<when test="criterion.noValue">
									and ${criterion.condition}
								</when>
								<when test="criterion.singleValue">
									and ${criterion.condition} #{criterion.value}
								</when>
								<when test="criterion.betweenValue">
									and ${criterion.condition} #{criterion.value} and
									#{criterion.secondValue}
								</when>
								<when test="criterion.listValue">
									and ${criterion.condition}
									<foreach close=")" collection="criterion.value"
										item="listItem" open="(" separator=",">
										#{listItem}
									</foreach>
								</when>
							</choose>
						</foreach>
					</trim>
				</if>
			</foreach>
		</where>
	</sql>
	<sql id="Base_Column_List">
		S_id, S_name, S_sex, S_rofs, S_address, S_Marriage, S_major, S_Native,
		S_Political,
		S_minority, S_phone, D_id, P_id, S_money_wages, S_birthday, S_Entrydate,
		S_becomedate,
		S_employment, S_state
	</sql>
	<!-- 查询所有员工信息 -->
	<select id="selectAll" resultType="staff">
		select * from staff
	</select>
	<!-- 根据姓名查找员工信息 -->
	<select id="queryOnestaff" parameterType="String"
		resultType="staff">
		select * from staff where S_name=#{sname}
	</select>

	<!-- 通过sid查员工信息 -->
	<select id="selectBySid" parameterType="int" resultType="staff">
		select * from staff where S_id=#{sid}
	</select>
	<select id="selectByExample"
		parameterType="cn.hp.bean.staffExample" resultMap="BaseResultMap">
		select
		<if test="distinct">
			distinct
		</if>
		<include refid="Base_Column_List" />
		from staff
		<if test="_parameter != null">
			<include refid="Example_Where_Clause" />
		</if>
		<if test="orderByClause != null">
			order by ${orderByClause}
		</if>
	</select>
	<select id="selectByPrimaryKey"
		parameterType="java.lang.Integer" resultMap="BaseResultMap">
		select
		<include refid="Base_Column_List" />
		from staff
		where S_id = #{sId,jdbcType=INTEGER}
	</select>
	<delete id="deleteByPrimaryKey"
		parameterType="java.lang.Integer">
		delete from staff
		where S_id = #{sId,jdbcType=INTEGER}
	</delete>
	<delete id="deleteByExample"
		parameterType="cn.hp.bean.staffExample">
		delete from staff
		<if test="_parameter != null">
			<include refid="Example_Where_Clause" />
		</if>
	</delete>
	<insert id="insert" parameterType="cn.hp.bean.staff">
		insert into staff (S_id, S_name, S_sex,
		S_rofs, S_address, S_Marriage,
		S_major, S_Native, S_Political,
		S_minority, S_phone, D_id,
		P_id, S_money_wages, S_birthday,
		S_Entrydate, S_becomedate, S_employment,
		S_state)
		values (#{sId,jdbcType=INTEGER}, #{sName,jdbcType=VARCHAR},
		#{sSex,jdbcType=VARCHAR},
		#{sRofs,jdbcType=VARCHAR}, #{sAddress,jdbcType=VARCHAR}, #{sMarriage,jdbcType=VARCHAR},
		#{sMajor,jdbcType=VARCHAR}, #{sNative,jdbcType=VARCHAR},
		#{sPolitical,jdbcType=VARCHAR},
		#{sMinority,jdbcType=VARCHAR}, #{sPhone,jdbcType=VARCHAR}, #{dId,jdbcType=INTEGER},
		#{pId,jdbcType=INTEGER}, #{sMoneyWages,jdbcType=DOUBLE},
		#{sBirthday,jdbcType=DATE},
		#{sEntrydate,jdbcType=DATE}, #{sBecomedate,jdbcType=DATE}, #{sEmployment,jdbcType=VARCHAR},
		#{sState,jdbcType=VARCHAR})
	</insert>
	<insert id="insertSelective" parameterType="cn.hp.bean.staff">
		insert into staff
		<trim prefix="(" suffix=")" suffixOverrides=",">
			<if test="sId != null">
				S_id,
			</if>
			<if test="sName != null">
				S_name,
			</if>
			<if test="sSex != null">
				S_sex,
			</if>
			<if test="sRofs != null">
				S_rofs,
			</if>
			<if test="sAddress != null">
				S_address,
			</if>
			<if test="sMarriage != null">
				S_Marriage,
			</if>
			<if test="sMajor != null">
				S_major,
			</if>
			<if test="sNative != null">
				S_Native,
			</if>
			<if test="sPolitical != null">
				S_Political,
			</if>
			<if test="sMinority != null">
				S_minority,
			</if>
			<if test="sPhone != null">
				S_phone,
			</if>
			<if test="dId != null">
				D_id,
			</if>
			<if test="pId != null">
				P_id,
			</if>
			<if test="sMoneyWages != null">
				S_money_wages,
			</if>
			<if test="sBirthday != null">
				S_birthday,
			</if>
			<if test="sEntrydate != null">
				S_Entrydate,
			</if>
			<if test="sBecomedate != null">
				S_becomedate,
			</if>
			<if test="sEmployment != null">
				S_employment,
			</if>
			<if test="sState != null">
				S_state,
			</if>
		</trim>
		<trim prefix="values (" suffix=")" suffixOverrides=",">
			<if test="sId != null">
				#{sId,jdbcType=INTEGER},
			</if>
			<if test="sName != null">
				#{sName,jdbcType=VARCHAR},
			</if>
			<if test="sSex != null">
				#{sSex,jdbcType=VARCHAR},
			</if>
			<if test="sRofs != null">
				#{sRofs,jdbcType=VARCHAR},
			</if>
			<if test="sAddress != null">
				#{sAddress,jdbcType=VARCHAR},
			</if>
			<if test="sMarriage != null">
				#{sMarriage,jdbcType=VARCHAR},
			</if>
			<if test="sMajor != null">
				#{sMajor,jdbcType=VARCHAR},
			</if>
			<if test="sNative != null">
				#{sNative,jdbcType=VARCHAR},
			</if>
			<if test="sPolitical != null">
				#{sPolitical,jdbcType=VARCHAR},
			</if>
			<if test="sMinority != null">
				#{sMinority,jdbcType=VARCHAR},
			</if>
			<if test="sPhone != null">
				#{sPhone,jdbcType=VARCHAR},
			</if>
			<if test="dId != null">
				#{dId,jdbcType=INTEGER},
			</if>
			<if test="pId != null">
				#{pId,jdbcType=INTEGER},
			</if>
			<if test="sMoneyWages != null">
				#{sMoneyWages,jdbcType=DOUBLE},
			</if>
			<if test="sBirthday != null">
				#{sBirthday,jdbcType=DATE},
			</if>
			<if test="sEntrydate != null">
				#{sEntrydate,jdbcType=DATE},
			</if>
			<if test="sBecomedate != null">
				#{sBecomedate,jdbcType=DATE},
			</if>
			<if test="sEmployment != null">
				#{sEmployment,jdbcType=VARCHAR},
			</if>
			<if test="sState != null">
				#{sState,jdbcType=VARCHAR},
			</if>
		</trim>
	</insert>
	<select id="countByExample"
		parameterType="cn.hp.bean.staffExample" resultType="java.lang.Long">
		select count(*) from staff
		<if test="_parameter != null">
			<include refid="Example_Where_Clause" />
		</if>
	</select>
	<update id="updateByExampleSelective" parameterType="map">
		update staff
		<set>
			<if test="record.sId != null">
				S_id = #{record.sId,jdbcType=INTEGER},
			</if>
			<if test="record.sName != null">
				S_name = #{record.sName,jdbcType=VARCHAR},
			</if>
			<if test="record.sSex != null">
				S_sex = #{record.sSex,jdbcType=VARCHAR},
			</if>
			<if test="record.sRofs != null">
				S_rofs = #{record.sRofs,jdbcType=VARCHAR},
			</if>
			<if test="record.sAddress != null">
				S_address = #{record.sAddress,jdbcType=VARCHAR},
			</if>
			<if test="record.sMarriage != null">
				S_Marriage = #{record.sMarriage,jdbcType=VARCHAR},
			</if>
			<if test="record.sMajor != null">
				S_major = #{record.sMajor,jdbcType=VARCHAR},
			</if>
			<if test="record.sNative != null">
				S_Native = #{record.sNative,jdbcType=VARCHAR},
			</if>
			<if test="record.sPolitical != null">
				S_Political = #{record.sPolitical,jdbcType=VARCHAR},
			</if>
			<if test="record.sMinority != null">
				S_minority = #{record.sMinority,jdbcType=VARCHAR},
			</if>
			<if test="record.sPhone != null">
				S_phone = #{record.sPhone,jdbcType=VARCHAR},
			</if>
			<if test="record.dId != null">
				D_id = #{record.dId,jdbcType=INTEGER},
			</if>
			<if test="record.pId != null">
				P_id = #{record.pId,jdbcType=INTEGER},
			</if>
			<if test="record.sMoneyWages != null">
				S_money_wages = #{record.sMoneyWages,jdbcType=DOUBLE},
			</if>
			<if test="record.sBirthday != null">
				S_birthday = #{record.sBirthday,jdbcType=DATE},
			</if>
			<if test="record.sEntrydate != null">
				S_Entrydate = #{record.sEntrydate,jdbcType=DATE},
			</if>
			<if test="record.sBecomedate != null">
				S_becomedate = #{record.sBecomedate,jdbcType=DATE},
			</if>
			<if test="record.sEmployment != null">
				S_employment = #{record.sEmployment,jdbcType=VARCHAR},
			</if>
			<if test="record.sState != null">
				S_state = #{record.sState,jdbcType=VARCHAR},
			</if>
		</set>
		<if test="_parameter != null">
			<include refid="Update_By_Example_Where_Clause" />
		</if>
	</update>
	<update id="updateByExample" parameterType="map">
		update staff
		set S_id = #{record.sId,jdbcType=INTEGER},
		S_name = #{record.sName,jdbcType=VARCHAR},
		S_sex = #{record.sSex,jdbcType=VARCHAR},
		S_rofs = #{record.sRofs,jdbcType=VARCHAR},
		S_address = #{record.sAddress,jdbcType=VARCHAR},
		S_Marriage = #{record.sMarriage,jdbcType=VARCHAR},
		S_major = #{record.sMajor,jdbcType=VARCHAR},
		S_Native = #{record.sNative,jdbcType=VARCHAR},
		S_Political = #{record.sPolitical,jdbcType=VARCHAR},
		S_minority = #{record.sMinority,jdbcType=VARCHAR},
		S_phone = #{record.sPhone,jdbcType=VARCHAR},
		D_id = #{record.dId,jdbcType=INTEGER},
		P_id = #{record.pId,jdbcType=INTEGER},
		S_money_wages = #{record.sMoneyWages,jdbcType=DOUBLE},
		S_birthday = #{record.sBirthday,jdbcType=DATE},
		S_Entrydate = #{record.sEntrydate,jdbcType=DATE},
		S_becomedate = #{record.sBecomedate,jdbcType=DATE},
		S_employment = #{record.sEmployment,jdbcType=VARCHAR},
		S_state = #{record.sState,jdbcType=VARCHAR}
		<if test="_parameter != null">
			<include refid="Update_By_Example_Where_Clause" />
		</if>
	</update>
	<update id="updateByPrimaryKeySelective"
		parameterType="cn.hp.bean.staff">
		update staff
		<set>
			<if test="sName != null">
				S_name = #{sName,jdbcType=VARCHAR},
			</if>
			<if test="sSex != null">
				S_sex = #{sSex,jdbcType=VARCHAR},
			</if>
			<if test="sRofs != null">
				S_rofs = #{sRofs,jdbcType=VARCHAR},
			</if>
			<if test="sAddress != null">
				S_address = #{sAddress,jdbcType=VARCHAR},
			</if>
			<if test="sMarriage != null">
				S_Marriage = #{sMarriage,jdbcType=VARCHAR},
			</if>
			<if test="sMajor != null">
				S_major = #{sMajor,jdbcType=VARCHAR},
			</if>
			<if test="sNative != null">
				S_Native = #{sNative,jdbcType=VARCHAR},
			</if>
			<if test="sPolitical != null">
				S_Political = #{sPolitical,jdbcType=VARCHAR},
			</if>
			<if test="sMinority != null">
				S_minority = #{sMinority,jdbcType=VARCHAR},
			</if>
			<if test="sPhone != null">
				S_phone = #{sPhone,jdbcType=VARCHAR},
			</if>
			<if test="dId != null">
				D_id = #{dId,jdbcType=INTEGER},
			</if>
			<if test="pId != null">
				P_id = #{pId,jdbcType=INTEGER},
			</if>
			<if test="sMoneyWages != null">
				S_money_wages = #{sMoneyWages,jdbcType=DOUBLE},
			</if>
			<if test="sBirthday != null">
				S_birthday = #{sBirthday,jdbcType=DATE},
			</if>
			<if test="sEntrydate != null">
				S_Entrydate = #{sEntrydate,jdbcType=DATE},
			</if>
			<if test="sBecomedate != null">
				S_becomedate = #{sBecomedate,jdbcType=DATE},
			</if>
			<if test="sEmployment != null">
				S_employment = #{sEmployment,jdbcType=VARCHAR},
			</if>
			<if test="sState != null">
				S_state = #{sState,jdbcType=VARCHAR},
			</if>
		</set>
		where S_id = #{sId,jdbcType=INTEGER}
	</update>
	<update id="updateByPrimaryKey" parameterType="cn.hp.bean.staff">
		update staff
		set S_name = #{sName,jdbcType=VARCHAR},
		S_sex = #{sSex,jdbcType=VARCHAR},
		S_rofs = #{sRofs,jdbcType=VARCHAR},
		S_address = #{sAddress,jdbcType=VARCHAR},
		S_Marriage = #{sMarriage,jdbcType=VARCHAR},
		S_major = #{sMajor,jdbcType=VARCHAR},
		S_Native = #{sNative,jdbcType=VARCHAR},
		S_Political = #{sPolitical,jdbcType=VARCHAR},
		S_minority = #{sMinority,jdbcType=VARCHAR},
		S_phone = #{sPhone,jdbcType=VARCHAR},
		D_id = #{dId,jdbcType=INTEGER},
		P_id = #{pId,jdbcType=INTEGER},
		S_money_wages = #{sMoneyWages,jdbcType=DOUBLE},
		S_birthday = #{sBirthday,jdbcType=DATE},
		S_Entrydate = #{sEntrydate,jdbcType=DATE},
		S_becomedate = #{sBecomedate,jdbcType=DATE},
		S_employment = #{sEmployment,jdbcType=VARCHAR},
		S_state = #{sState,jdbcType=VARCHAR}
		where S_id = #{sId,jdbcType=INTEGER}
	</update>
</mapper>