<?xml version="1.0" encoding="UTF-8"?>
<beans xmlns="http://www.springframework.org/schema/beans"
	   xmlns:aop="http://www.springframework.org/schema/aop"
	   xmlns:xsi="http://www.w3.org/2001/XMLSchema-instance"
	   xsi:schemaLocation="
	    http://www.springframework.org/schema/beans
        https://www.springframework.org/schema/beans/spring-beans.xsd
        http://www.springframework.org/schema/aop
        https://www.springframework.org/schema/aop/spring-aop.xsd
">
	<!--生命周期-->
	<!--<bean id="lagouCycleBean" class="com.lagou.edu.lifecycle.LagouCycleBean" init-method="initMethod"
		  destroy-method="destroyMethod">
		<property name="name" value="zhaoyang"></property>
	</bean>-->
	<!--bean后处理器-->
	<!--<bean id="myBeanPostProcessor" class="com.lagou.edu.lifecycle.MyBeanPostProcessor"/>-->

	<!--循环依赖问题(构造方法注入)-->
	<!--<bean id="lagouBean" class="com.lagou.edu.cyclicdependence.LagouBean">
		<constructor-arg index="0" ref="itBean"></constructor-arg>
	</bean>
	<bean id="itBean" class="com.lagou.edu.cyclicdependence.ItBean">
		<constructor-arg index="0" ref="lagouBean"></constructor-arg>
	</bean>-->


	<!--循环依赖问题(属性注入)-->
	<bean id="lagouBean" class="com.lagou.edu.cyclicdependence.LagouBean">
		<property name="ItBean" ref="itBean"/>
	</bean>
	<bean id="itBean" class="com.lagou.edu.cyclicdependence.ItBean">
		<property name="LagouBean" ref="lagouBean"/>
	</bean>


</beans>