<?xml version="1.0" encoding="UTF-8"?>
<beans xmlns="http://www.springframework.org/schema/beans"
	xmlns:xsi="http://www.w3.org/2001/XMLSchema-instance"
	xmlns:context="http://www.springframework.org/schema/context"
	xmlns:aop="http://www.springframework.org/schema/aop"
	xmlns:tx="http://www.springframework.org/schema/tx"
	xsi:schemaLocation="http://www.springframework.org/schema/beans http://www.springframework.org/schema/beans/spring-beans.xsd
		http://www.springframework.org/schema/context http://www.springframework.org/schema/context/spring-context-4.3.xsd
		http://www.springframework.org/schema/aop http://www.springframework.org/schema/aop/spring-aop-4.3.xsd
		http://www.springframework.org/schema/tx http://www.springframework.org/schema/tx/spring-tx-4.3.xsd">
	<!-- spring配置文件 主要配置和逻辑业务相关 -->
	<context:component-scan base-package="cn.hp">
		<context:exclude-filter type="annotation" expression="org.springframework.stereotype.Controller"/>
	</context:component-scan>
	
	<context:property-placeholder location="classpath:jdbc.properties"/> 
	<!-- 数据源,事务控制 -->
	<bean id="pooledDataSource" class="com.mchange.v2.c3p0.ComboPooledDataSource">
		<property name="jdbcUrl" value="${jdbc.jdbcUrl}"></property>
		<property name="driverClass" value="${jdbc.driverClass}"></property>
		<property name="user" value="${jdbc.user}"></property>
		<property name="password" value="${jdbc.password}"></property>
	</bean>
	<!-- 配置和mybatis的整合 -->
	<bean id="sqlSessionFactoryBean" class="org.mybatis.spring.SqlSessionFactoryBean">
		<!-- mybatis的全局配置文件指定 -->
		<property name="configLocation" value="classpath:mybatis-config.xml"></property>
		<property name="dataSource" ref="pooledDataSource"></property>
		<property name="mapperLocations" value="classpath:mapper/*.xml"></property>
	</bean>
	<!-- 配置扫描器,将mybatis接口的实现加入ioc容器中 -->
	<bean id="mapperScannerConfigurer" class="org.mybatis.spring.mapper.MapperScannerConfigurer">
		<!-- 扫描所有dao下接口的是实现加入ioc容器中 -->
		<property name="basePackage" value="cn.hp.dao"></property>
	</bean>
	<!-- 事务控制的配置 -->
	<bean id="transactionManager" class="org.springframework.jdbc.datasource.DataSourceTransactionManager">
		<!-- 控制住数据源 -->
		<property name="dataSource" ref="pooledDataSource"></property>
	</bean>
	<!-- 开启基于注解的事务 -->
	<aop:config>
		<!-- 切入点表达式 service包下的所有方法都加入事务控制 -->
		<aop:pointcut expression="execution(* cn.hp.service..*(..))" id="txPoint"/>
		<!-- 事务增强 -->
		<aop:advisor advice-ref="txAdvice" pointcut-ref="txPoint"/>
	</aop:config>
	<!-- 配置事务增强,也就是事务如 何切入 -->
	<tx:advice id="txAdvice" transaction-manager="transactionManager">
		<tx:attributes>
			<!-- 所有方法都是事务方法 -->
			<tx:method name="*"/>
			<!-- 以get的所有方法 -->
			<tx:method name="get*" read-only="true"/>
		</tx:attributes>
	</tx:advice>
	
</beans>
