<?xml version="1.0" encoding="UTF-8"?>
<!DOCTYPE configuration
  PUBLIC "-//mybatis.org//DTD Config 3.0//EN"
  "http://mybatis.org/dtd/mybatis-3-config.dtd">
  <configuration>
  	<settings>
  		<!-- mybatis设置大小写 -->
  		<setting name="mapUnderscoreToCamelCase" value="true"/>
     	<setting name="logImpl" value="STDOUT_LOGGING" />
  	</settings>

  	<typeAliases>
  		<package name="cn.hp.bean"/>
  	</typeAliases>
  	
  	  	<plugins>
  		<plugin interceptor="com.github.pagehelper.PageInterceptor"></plugin>
  	   </plugins>
  	   
  </configuration>
 
 
 